{
    "epochs" : 35,
    "lr0" : 0.04254217606854688,
    "lrf" : 0.025759128576447722,
    "momentum" : 0.7677129603625271,
    "weight_decay": 0.0005706686451965467,
    "warmup_epochs" : 3.1562459812650494,
    "warmup_momentum" : 0.2890030162807006,
    "box" : 0.04433848180178866,
    "cls" : 0.41160760497388554,
    "hsv_h" : 0.02408120903621751,
    "hsv_s" : 0.00643336224781732,
    "hsv_v" : 0.6357655233418618,
    "degrees" : 35.350007824239604,
    "translate" : 0.4103521064903341,
    "scale" : 0.6034493224968986,
    "shear" : 1.4810663167469218,
    "perspective" : 0.0006267461389948968,
    "fliplr" : 0.38118371838917897,
    "copy_paste" : 0.9649732700834379
}